INSERT INTO `weibomovie`.`cinema` (`cinemaid`, `country`, `city`, `district`, `name`) VALUES (1, 'China', 'shenyang', 'shenhe', 'cinema1');
INSERT INTO `weibomovie`.`cinema` (`cinemaid`, `country`, `city`, `district`, `name`) VALUES (2, 'China', 'shanghai', 'changning', 'cinema2');
INSERT INTO `weibomovie`.`cinema` (`cinemaid`, `country`, `city`, `district`, `name`) VALUES (3, 'China', 'shenzhen', NULL, 'cinema3');
INSERT INTO `weibomovie`.`cinema` (`cinemaid`, `country`, `city`, `district`, `name`) VALUES (4, 'China', 'changchun', NULL, 'cinema4');
INSERT INTO `weibomovie`.`cinema` (`cinemaid`, `country`, `city`, `district`, `name`) VALUES (5, 'China', 'haierbin', '', 'cinema5');
INSERT INTO `weibomovie`.`cinema` (`cinemaid`, `country`, `city`, `district`, `name`) VALUES (6, 'China', 'beijing', 'dongcheng', 'cinema6');
INSERT INTO `weibomovie`.`cinema` (`cinemaid`, `country`, `city`, `district`, `name`) VALUES (7, 'America', 'NewYork', NULL, 'cinema7');
INSERT INTO `weibomovie`.`cinema` (`cinemaid`, `country`, `city`, `district`, `name`) VALUES (8, 'Canada', 'city1', NULL, 'cinema8');
INSERT INTO `weibomovie`.`cinema` (`cinemaid`, `country`, `city`, `district`, `name`) VALUES (9, 'England', 'London', NULL, 'cinema9');
INSERT INTO `weibomovie`.`cinema` (`cinemaid`, `country`, `city`, `district`, `name`) VALUES (10, 'China', 'shanghai', 'baoshan', 'cinema10');
INSERT INTO `weibomovie`.`cinema` (`cinemaid`, `country`, `city`, `district`, `name`) VALUES (11, 'China', 'shanghai', 'minhang', 'cinema11');
INSERT INTO `weibomovie`.`movie` (`movieid`, `name`, `posterurl`, `introduction`) VALUES (1, 'movie1', 'nothing', 'nothing');
INSERT INTO `weibomovie`.`movie` (`movieid`, `name`, `posterurl`, `introduction`) VALUES (2, 'movie2', 'movie2', 'nothing');
INSERT INTO `weibomovie`.`movie` (`movieid`, `name`, `posterurl`, `introduction`) VALUES (3, 'movie3', 'movie3', 'nothing');
INSERT INTO `weibomovie`.`movie` (`movieid`, `name`, `posterurl`, `introduction`) VALUES (4, 'movie4', 'movie4', 'nothing');
INSERT INTO `weibomovie`.`movie` (`movieid`, `name`, `posterurl`, `introduction`) VALUES (5, 'movie5', 'movie5', 'nothing');
INSERT INTO `weibomovie`.`movie` (`movieid`, `name`, `posterurl`, `introduction`) VALUES (6, 'movie6', 'movie6', 'nothing');
INSERT INTO `weibomovie`.`movie` (`movieid`, `name`, `posterurl`, `introduction`) VALUES (7, 'movie7', 'movie7', 'nothing');
INSERT INTO `weibomovie`.`movie` (`movieid`, `name`, `posterurl`, `introduction`) VALUES (8, 'movie8', 'movie8', 'nothing');
INSERT INTO `weibomovie`.`movie` (`movieid`, `name`, `posterurl`, `introduction`) VALUES (9, 'movie9', 'movie9', 'nothing');
INSERT INTO `weibomovie`.`movie` (`movieid`, `name`, `posterurl`, `introduction`) VALUES (10, 'movie10', 'movie10', 'nothing');
INSERT INTO `weibomovie`.`movie` (`movieid`, `name`, `posterurl`, `introduction`) VALUES (11, 'movie11', 'movie11', 'movie11');
INSERT INTO `weibomovie`.`User` (`userid`, `Userweiboid`, `username`, `userweibourl`, `address`) VALUES (1, 1, 'user1', 'user1', 'user1');
INSERT INTO `weibomovie`.`User` (`userid`, `Userweiboid`, `username`, `userweibourl`, `address`) VALUES (2, 2, 'user2', 'user2', 'user2');
INSERT INTO `weibomovie`.`User` (`userid`, `Userweiboid`, `username`, `userweibourl`, `address`) VALUES (3, 3, 'user3', 'user3', 'user3');
INSERT INTO `weibomovie`.`User` (`userid`, `Userweiboid`, `username`, `userweibourl`, `address`) VALUES (4, 4, 'user4', 'user4', 'user4');
INSERT INTO `weibomovie`.`User` (`userid`, `Userweiboid`, `username`, `userweibourl`, `address`) VALUES (5, 5, 'user5', 'user5', 'user5');
INSERT INTO `weibomovie`.`User` (`userid`, `Userweiboid`, `username`, `userweibourl`, `address`) VALUES (6, 6, 'user6', 'user6', 'user6');
INSERT INTO `weibomovie`.`User` (`userid`, `Userweiboid`, `username`, `userweibourl`, `address`) VALUES (7, 7, 'user7', 'user7', 'user7');
INSERT INTO `weibomovie`.`User` (`userid`, `Userweiboid`, `username`, `userweibourl`, `address`) VALUES (8, 8, 'user8', 'user8', 'user8');
INSERT INTO `weibomovie`.`User` (`userid`, `Userweiboid`, `username`, `userweibourl`, `address`) VALUES (9, 9, 'user9', 'user9', 'user9');
INSERT INTO `weibomovie`.`User` (`userid`, `Userweiboid`, `username`, `userweibourl`, `address`) VALUES (10, 10, 'user10', 'user10', 'user10');
INSERT INTO `weibomovie`.`tickets` (`ticketsid`, `userid`, `cinemaid`, `date`, `partner`, `movieid`) VALUES (1, 1, 1, 'date1', 'male', 1);
INSERT INTO `weibomovie`.`tickets` (`ticketsid`, `userid`, `cinemaid`, `date`, `partner`, `movieid`) VALUES (2, 2, 2, 'date2', 'male', 2);
INSERT INTO `weibomovie`.`tickets` (`ticketsid`, `userid`, `cinemaid`, `date`, `partner`, `movieid`) VALUES (3, 3, 3, 'date3', 'male', 3);
INSERT INTO `weibomovie`.`tickets` (`ticketsid`, `userid`, `cinemaid`, `date`, `partner`, `movieid`) VALUES (4, 4, 4, 'date4', 'male', 4);
INSERT INTO `weibomovie`.`tickets` (`ticketsid`, `userid`, `cinemaid`, `date`, `partner`, `movieid`) VALUES (5, 5, 5, 'date5', 'male', 5);
INSERT INTO `weibomovie`.`tickets` (`ticketsid`, `userid`, `cinemaid`, `date`, `partner`, `movieid`) VALUES (6, 6, 6, 'date6', 'male', 6);
INSERT INTO `weibomovie`.`tickets` (`ticketsid`, `userid`, `cinemaid`, `date`, `partner`, `movieid`) VALUES (7, 7, 7, 'date7', 'male', 7);
INSERT INTO `weibomovie`.`tickets` (`ticketsid`, `userid`, `cinemaid`, `date`, `partner`, `movieid`) VALUES (8, 8, 8, 'date8', 'male', 8);
INSERT INTO `weibomovie`.`tickets` (`ticketsid`, `userid`, `cinemaid`, `date`, `partner`, `movieid`) VALUES (9, 9, 9, 'date9', 'male', 9);
INSERT INTO `weibomovie`.`tickets` (`ticketsid`, `userid`, `cinemaid`, `date`, `partner`, `movieid`) VALUES (10, 10, 10, 'date10', 'male', 10);
